{
  "metadata": {
    "timestamp": "2025-07-06T18:49:57.605783",
    "total_epochs": 13,
    "config": {}
  },
  "metrics": {
    "epoch": [
      0,
      1,
      2,
      3,
      4,
      5,
      6,
      7,
      8,
      9,
      10,
      11,
      12
    ],
    "ep_ret": [
      2.4440000000000004,
      3.0782222222222217,
      3.0684444444444448,
      3.0435555555555553,
      3.3026666666666666,
      2.824444444444444,
      2.5448888888888885,
      2.2337777777777776,
      2.489777777777778,
      3.3266666666666667,
      3.564888888888889,
      3.031111111111111,
      2.6217777777777775
    ],
    "ep_len": [
      6,
      6,
      6,
      6,
      6,
      6,
      6,
      6,
      6,
      6,
      6,
      6,
      6
    ],
    "pi_loss": [
      0.01161548588424921,
      0.012671735137701035,
      -0.011988759972155094,
      -0.008895153179764748,
      0.016202976927161217,
      0.001766884233802557,
      0.04654601961374283,
      -0.022411014884710312,
      -0.025509176775813103,
      -0.032589636743068695,
      0.05498132482171059,
      -0.04470362514257431,
      -0.0522865429520607
    ],
    "kl_div": [
      0.008013506419956684,
      0.007552961818873882,
      0.016343334689736366,
      0.007952312938869,
      0.03570234775543213,
      0.006120641715824604,
      0.02145198918879032,
      0.023119788616895676,
      0.0037581920623779297,
      0.007145782001316547,
      0.06689338386058807,
      0.018300017341971397,
      0.01930447481572628
    ],
    "entropy": [
      -24.15427017211914,
      -23.43718910217285,
      -23.743671417236328,
      -23.51514434814453,
      -24.113298416137695,
      -24.701053619384766,
      -24.330413818359375,
      -23.793609619140625,
      -24.138761520385742,
      -23.927661895751953,
      -24.091434478759766,
      -24.506898880004883,
      -24.286380767822266
    ],
    "clip_frac": [
      0.5,
      0.5,
      0.6666666865348816,
      0.3333333432674408,
      0.8333333134651184,
      0.5,
      0.8333333134651184,
      0.5,
      0.1666666716337204,
      0.3333333432674408,
      0.8333333134651184,
      0.1666666716337204,
      0.6666666865348816
    ],
    "group_adv_mean": [
      2.444000005722046,
      3.0782222747802734,
      3.0684444904327393,
      3.043555498123169,
      3.302666664123535,
      2.824444532394409,
      2.544888734817505,
      2.2337777614593506,
      2.4897778034210205,
      3.3266665935516357,
      3.5648887157440186,
      3.031111001968384,
      2.6217777729034424
    ],
    "group_adv_std": [
      1.3393187522888184,
      0.9239614009857178,
      1.813946008682251,
      0.8736494183540344,
      1.5503227710723877,
      1.224194049835205,
      0.9840056300163269,
      1.3662989139556885,
      1.2791438102722168,
      1.1571681499481201,
      1.1074870824813843,
      1.5772002935409546,
      1.2215375900268555
    ],
    "slicing_actions": [
      [
        29.532730102539062,
        53.87685012817383,
        16.590423583984375
      ],
      [
        29.54373550415039,
        53.28640365600586,
        17.16986083984375
      ],
      [
        28.565048217773438,
        54.677249908447266,
        16.75770378112793
      ],
      [
        29.37291145324707,
        54.143592834472656,
        16.483501434326172
      ],
      [
        30.180435180664062,
        53.08442687988281,
        16.735137939453125
      ],
      [
        29.043643951416016,
        55.49788284301758,
        15.45846939086914
      ],
      [
        29.161218643188477,
        55.31212615966797,
        15.526654243469238
      ],
      [
        28.953197479248047,
        54.48942947387695,
        16.557373046875
      ],
      [
        29.852725982666016,
        55.834049224853516,
        14.313220977783203
      ],
      [
        28.418052673339844,
        55.055519104003906,
        16.526430130004883
      ],
      [
        29.338945388793945,
        55.321533203125,
        15.339527130126953
      ],
      [
        30.2474308013916,
        53.193519592285156,
        16.559049606323242
      ],
      [
        28.446027755737305,
        54.74155807495117,
        16.812416076660156
      ]
    ],
    "sleep_actions": [
      [
        5,
        1,
        1
      ],
      [
        3,
        3,
        1
      ],
      [
        2,
        4,
        1
      ],
      [
        2,
        4,
        1
      ],
      [
        3,
        3,
        1
      ],
      [
        4,
        2,
        1
      ],
      [
        2,
        4,
        1
      ],
      [
        6,
        0,
        1
      ],
      [
        3,
        3,
        1
      ],
      [
        3,
        3,
        1
      ],
      [
        3,
        3,
        1
      ],
      [
        2,
        4,
        1
      ],
      [
        3,
        4,
        0
      ]
    ],
    "constraint_satisfaction": [
      1.0,
      1.0,
      1.0,
      1.0,
      1.0,
      1.0,
      1.0,
      1.0,
      1.0,
      1.0,
      1.0,
      1.0,
      1.0
    ],
    "energy_efficiency": [
      0.8571428571428572,
      0.5714285714285714,
      0.4285714285714286,
      0.4285714285714286,
      0.5714285714285714,
      0.7142857142857143,
      0.4285714285714286,
      1.0,
      0.5714285714285714,
      0.5714285714285714,
      0.5714285714285714,
      0.4285714285714286,
      0.4285714285714286
    ],
    "sleep_ratio": [
      0.14285714285714285,
      0.42857142857142855,
      0.5714285714285714,
      0.5714285714285714,
      0.42857142857142855,
      0.2857142857142857,
      0.5714285714285714,
      0.0,
      0.42857142857142855,
      0.42857142857142855,
      0.42857142857142855,
      0.5714285714285714,
      0.5714285714285714
    ],
    "active_ratio": [
      0.8571428571428571,
      0.5714285714285714,
      0.42857142857142855,
      0.42857142857142855,
      0.5714285714285714,
      0.7142857142857143,
      0.42857142857142855,
      1.0,
      0.5714285714285714,
      0.5714285714285714,
      0.5714285714285714,
      0.42857142857142855,
      0.42857142857142855
    ],
    "slice_utilization": [
      1.0,
      1.0,
      1.0,
      1.0,
      1.0,
      1.0,
      1.0,
      1.0,
      1.0,
      1.0,
      1.0,
      1.0,
      1.0
    ],
    "slice_fairness": [
      0.8230169415473938,
      0.8318614363670349,
      0.8157171010971069,
      0.8198060393333435,
      0.8314874768257141,
      0.8007984161376953,
      0.8030415177345276,
      0.816686749458313,
      0.7911089062690735,
      0.8106712102890015,
      0.8019477128982544,
      0.8294639587402344,
      0.8153005242347717
    ],
    "slice_qos_satisfaction": [
      0.0,
      0.0,
      0.0,
      0.0,
      0.0,
      0.0,
      0.0,
      0.0,
      0.0,
      0.0,
      0.0,
      0.0,
      0.0
    ]
  }
}