{
  "epoch": [
    0,
    0,
    0,
    0,
    0,
    0,
    0,
    0,
    0,
    0,
    0,
    0,
    0,
    0,
    0,
    0,
    1,
    1,
    1,
    1,
    1,
    1,
    1,
    1,
    1,
    1
  ],
  "step": [
    0,
    1,
    2,
    3,
    4,
    5,
    6,
    7,
    8,
    9,
    10,
    11,
    12,
    13,
    14,
    15,
    0,
    1,
    2,
    3,
    4,
    5,
    6,
    7,
    8,
    9
  ],
  "ep_ret": [
    1.744,
    2.409333333333333,
    2.7484444444444445,
    2.2426666666666666,
    1.7955555555555556,
    2.3080000000000003,
    3.4315555555555552,
    3.2808888888888887,
    1.6955555555555553,
    2.005777777777778,
    2.3635555555555556,
    2.786222222222222,
    3.0346666666666664,
    2.5346666666666664,
    3.201333333333333,
    2.4440000000000004,
    2.862222222222222,
    2.4475555555555553,
    2.1519999999999997,
    3.319111111111111,
    3.324444444444444,
    2.483111111111111,
    2.1484444444444444,
    2.5404444444444443,
    2.6275555555555554,
    2.087111111111111
  ],
  "pi_loss": [
    0.0692576989531517,
    0.08391809463500977,
    0.052210163325071335,
    0.06926719844341278,
    0.007302916143089533,
    0.08658141642808914,
    0.08581022173166275,
    0.037843599915504456,
    0.05327713489532471,
    -0.02612394653260708,
    -0.06286809593439102,
    -0.045420508831739426,
    -0.006302178837358952,
    -0.03432418033480644,
    0.05905770882964134,
    0.01161548588424921,
    -0.013826212845742702,
    0.0006380081176757812,
    0.00539242010563612,
    -0.04293040931224823,
    -0.025869423523545265,
    -0.004303697496652603,
    0.07262980937957764,
    0.05621570348739624,
    -0.002305153990164399,
    -0.03176524117588997
  ],
  "kl_div": [
    0.016203541308641434,
    0.06854554265737534,
    0.048905134201049805,
    0.0505397729575634,
    0.006549219135195017,
    0.018716493621468544,
    0.022063294425606728,
    0.017592648044228554,
    0.019528767094016075,
    0.017313778400421143,
    0.007553895004093647,
    0.016910791397094727,
    0.005881826393306255,
    0.006916423793882132,
    0.010764558799564838,
    0.008013506419956684,
    0.015430430881679058,
    0.0012489159125834703,
    0.009551525115966797,
    0.006498237606137991,
    0.003608882427215576,
    0.010764558799564838,
    0.02088068053126335,
    0.020928263664245605,
    0.02047465369105339,
    0.00508330250158906
  ],
  "group_adv_mean": [
    1.74399995803833,
    2.4093334674835205,
    2.7484445571899414,
    2.242666721343994,
    1.795555591583252,
    2.308000087738037,
    3.4315555095672607,
    3.280888795852661,
    1.695555567741394,
    2.0057778358459473,
    2.363555669784546,
    2.786222219467163,
    3.0346667766571045,
    2.5346667766571045,
    3.2013332843780518,
    2.444000005722046,
    2.86222243309021,
    2.4475555419921875,
    2.1520001888275146,
    3.3191111087799072,
    3.324444532394409,
    2.4831111431121826,
    2.148444414138794,
    2.5404446125030518,
    2.6275556087493896,
    2.087111234664917
  ],
  "group_adv_std": [
    1.0606664419174194,
    0.8281116485595703,
    0.9856855869293213,
    1.6210395097732544,
    0.68320232629776,
    1.2337406873703003,
    1.3645669221878052,
    1.1331719160079956,
    0.9062789082527161,
    1.3598695993423462,
    0.9576151371002197,
    0.4965479373931885,
    1.0550062656402588,
    1.6363462209701538,
    1.0138299465179443,
    1.3393187522888184,
    0.5317591428756714,
    1.2594549655914307,
    1.5818369388580322,
    0.5958645939826965,
    1.209667444229126,
    1.3890529870986938,
    1.1730198860168457,
    1.255505084991455,
    0.982865571975708,
    0.8769004344940186
  ],
  "policy_updated": [
    true,
    true,
    true,
    true,
    true,
    true,
    true,
    true,
    true,
    true,
    true,
    true,
    true,
    true,
    true,
    true,
    true,
    true,
    true,
    true,
    true,
    true,
    true,
    true,
    true,
    true
  ],
  "action_diversity_slice": [
    0.6159276962280273,
    0.7289090752601624,
    0.5990967154502869,
    0.6101499795913696,
    0.6106144785881042,
    0.6281790733337402,
    0.9312617778778076,
    0.9496073722839355,
    0.9670178294181824,
    0.5974616408348083,
    0.9611961841583252,
    0.4282754361629486,
    0.8329343199729919,
    0.7803977131843567,
    0.6195798516273499,
    0.6681461334228516,
    0.8419881463050842,
    0.7277230620384216,
    0.8122220039367676,
    0.8136647343635559,
    0.7009702324867249,
    0.7259885668754578,
    1.0335530042648315,
    0.5922622680664062,
    0.5119200348854065,
    0.659780740737915
  ],
  "action_diversity_sleep": [
    0.7979186427814379,
    0.8624734734248927,
    1.3314479313194738,
    1.2545310697172456,
    0.9272354779118884,
    0.8776643872851507,
    1.328584629188411,
    0.903356944420385,
    1.0618648113439844,
    1.1782817440043045,
    1.196355205738785,
    0.6441800878120688,
    0.7551717677572064,
    1.169581095894501,
    0.7099977708394466,
    1.0231849179639758,
    0.8111736755273077,
    1.1245192846191905,
    1.098523255763948,
    0.7321009597540599,
    0.8111736755273076,
    0.7979186427814379,
    0.8425069267913635,
    1.243466203167486,
    0.9074900855131077,
    0.6934197322512331
  ],
  "timestamp": [
    "2025-07-06T18:34:48.527780",
    "2025-07-06T18:34:48.753633",
    "2025-07-06T18:34:48.992332",
    "2025-07-06T18:34:49.140979",
    "2025-07-06T18:34:49.312843",
    "2025-07-06T18:34:49.559410",
    "2025-07-06T18:34:49.724556",
    "2025-07-06T18:34:49.987579",
    "2025-07-06T18:34:50.164582",
    "2025-07-06T18:34:50.308401",
    "2025-07-06T18:34:50.534421",
    "2025-07-06T18:34:50.678790",
    "2025-07-06T18:34:50.824066",
    "2025-07-06T18:34:50.984838",
    "2025-07-06T18:34:51.229842",
    "2025-07-06T18:34:51.384025",
    "2025-07-06T18:34:56.942411",
    "2025-07-06T18:34:57.217719",
    "2025-07-06T18:34:57.486302",
    "2025-07-06T18:34:57.784861",
    "2025-07-06T18:34:58.096390",
    "2025-07-06T18:34:58.397841",
    "2025-07-06T18:34:58.707851",
    "2025-07-06T18:34:59.003306",
    "2025-07-06T18:34:59.365233",
    "2025-07-06T18:34:59.747626"
  ]
}