{
  "epoch": 10,
  "timestamp": "2025-07-09T22:30:34.106354",
  "training_metrics": {
    "ep_ret": 16.666666666666668,
    "ep_len": 6,
    "pi_loss": 331.2743225097656,
    "kl_div": 417.759521484375,
    "entropy": -2446.017578125,
    "clip_frac": 1.0,
    "group_adv_mean": 8.333333015441895,
    "group_adv_std": 3.7267799377441406,
    "policy_updated": false,
    "action_diversity_slice": 0.4136756360530853,
    "action_diversity_sleep": 1.0512974117174434
  },
  "network_metrics": {},
  "action_metrics": {
    "slicing_actions": 