{
  "epoch": 20,
  "timestamp": "2025-07-09T22:58:23.807403",
  "training_metrics": {
    "ep_ret": 11.666666666666666,
    "ep_len": 6,
    "pi_loss": 127.38135528564453,
    "kl_div": 6.0355963706970215,
    "entropy": -2485.599365234375,
    "clip_frac": 1.0,
    "group_adv_mean": 8.333333015441895,
    "group_adv_std": 3.7267799377441406,
    "policy_updated": false,
    "action_diversity_slice": 0.5614964365959167,
    "action_diversity_sleep": 1.1263094677114402
  },
  "network_metrics": {},
  "action_metrics": {
    "slicing_actions": 