{
  "epoch": [
    0,
    1,
    2,
    3,
    4
  ],
  "ep_ret": [
    28.333333333333332,
    23.333333333333332,
    26.666666666666668,
    28.333333333333332,
    26.666666666666668
  ],
  "ep_len": [
    6,
    6,
    6,
    6,
    6
  ],
  "pi_loss": [
    34.87014389038086,
    33.515201568603516,
    30.263479232788086,
    26.681964874267578,
    28.73763656616211
  ],
  "kl_div": [
    0.8247893452644348,
    1.5396801233291626,
    1.1291766166687012,
    0.06425520032644272,
    3.094811201095581
  ],
  "entropy": [
    -682.0719604492188,
    -682.9110717773438,
    -682.4015502929688,
    -685.12158203125,
    -687.1758422851562
  ],
  "clip_frac": [
    1.0,
    1.0,
    0.8333333134651184,
    1.0,
    1.0
  ],
  "group_adv_mean": [
    10.022295951843262,
    9.913012504577637,
    10.011322975158691,
    9.885505676269531,
    9.98136043548584
  ],
  "group_adv_std": [
    0.1500990241765976,
    0.09442944079637527,
    0.09263722598552704,
    0.10939095914363861,
    0.05479077249765396
  ],
  "slicing_actions": [
    [
      30.933082580566406,
      43.114593505859375,
      25.95232391357422
    ],
    [
      30.628543853759766,
      41.906097412109375,
      27.46535873413086
    ],
    [
      31.783798217773438,
      41.86204528808594,
      26.35416030883789
    ],
    [
      32.03871154785156,
      43.77140426635742,
      24.189884185791016
    ],
    [
      32.24336624145508,
      41.58019256591797,
      26.17644500732422
    ]
  ],
  "sleep_actions": [
    [
      1,
      1,
      5
    ],
    [
      1,
      3,
      3
    ],
    [
      4,
      2,
      1
    ],
    [
      2,
      3,
      2
    ],
    [
      4,
      2,
      1
    ]
  ],
  "constraint_satisfaction": [
    1.0,
    1.0,
    1.0,
    1.0,
    1.0
  ],
  "energy_efficiency": [
    0.14285714285714285,
    0.42857142857142855,
    0.2857142857142857,
    0.42857142857142855,
    0.2857142857142857
  ],
  "sleep_ratio": [
    0.14285714285714285,
    0.42857142857142855,
    0.2857142857142857,
    0.42857142857142855,
    0.2857142857142857
  ],
  "active_ratio": [
    0.8571428571428571,
    0.5714285714285714,
    0.7142857142857143,
    0.5714285714285714,
    0.7142857142857143
  ],
  "slice_utilization": [
    1.0,
    1.0,
    1.0,
    1.0,
    1.0000001192092896
  ],
  "slice_fairness": [
    0.9553160071372986,
    0.9665828347206116,
    0.96417635679245,
    0.9449387788772583,
    0.965133786201477
  ],
  "slice_qos_satisfaction": [
    0.0,
    0.0,
    0.0,
    0.0,
    0.0
  ]
}