{
  "metadata": {
    "timestamp": "2025-07-07T12:05:17.154731",
    "total_epochs": 29,
    "config": {}
  },
  "metrics": {
    "epoch": [
      0,
      1,
      2,
      3,
      4,
      5,
      6,
      7,
      8,
      9,
      10,
      11,
      12,
      13,
      14,
      15,
      16,
      17,
      18,
      19,
      20,
      21,
      22,
      23,
      24,
      25,
      26,
      27,
      28
    ],
    "ep_ret": [
      26.666666666666668,
      25.0,
      11.666666666666666,
      13.333333333333334,
      21.666666666666668,
      28.333333333333332,
      13.333333333333334,
      28.333333333333332,
      16.666666666666668,
      21.55,
      28.333333333333332,
      23.333333333333332,
      25.0,
      23.21666666666667,
      21.666666666666668,
      29.883333333333336,
      30.0,
      21.666666666666668,
      30.0,
      18.333333333333332,
      31.666666666666668,
      21.666666666666668,
      26.666666666666668,
      26.666666666666668,
      26.666666666666668,
      21.666666666666668,
      23.333333333333332,
      33.21666666666667,
      20.0
    ],
    "ep_len": [
      6,
      6,
      6,
      6,
      6,
      6,
      6,
      6,
      6,
      6,
      6,
      6,
      6,
      6,
      6,
      6,
      6,
      6,
      6,
      6,
      6,
      6,
      6,
      6,
      6,
      6,
      6,
      6,
      6
    ],
    "pi_loss": [
      3.035024881362915,
      3.0512125492095947,
      0.5019984841346741,
      0.4546873867511749,
      0.48683279752731323,
      1.7671678066253662,
      0.4394185543060303,
      6.192985534667969,
      1.2426973581314087,
      0.059521377086639404,
      2.1845834255218506,
      0.42344650626182556,
      0.5730516910552979,
      0.12065005302429199,
      0.704142689704895,
      1.8368269205093384,
      2.390416145324707,
      1.179767370223999,
      0.8436503410339355,
      0.8573982119560242,
      2.1109676361083984,
      0.4771727919578552,
      1.681238055229187,
      3.342802047729492,
      1.9039535522460938,
      0.45363932847976685,
      2.522287607192993,
      2.5673165321350098,
      2.2718393802642822
    ],
    "kl_div": [
      0.49305883049964905,
      0.06384879350662231,
      0.07065416872501373,
      0.04752373695373535,
      0.06988850980997086,
      0.0603916235268116,
      0.027104079723358154,
      0.04672574996948242,
      0.03748279809951782,
      0.05570860579609871,
      0.025767406448721886,
      0.046219151467084885,
      0.04547182470560074,
      0.014539996162056923,
      0.018346887081861496,
      0.14493420720100403,
      0.09008029848337173,
      0.043861787766218185,
      0.011326968669891357,
      0.010185420513153076,
      0.11717822402715683,
      0.19509707391262054,
      0.01787436008453369,
      0.12274831533432007,
      0.08366583287715912,
      0.011394023895263672,
      0.03356502205133438,
      0.04469011351466179,
      0.04363999888300896
    ],
    "entropy": [
      -41.574440002441406,
      -41.67509078979492,
      -41.551761627197266,
      -42.273536682128906,
      -40.862361907958984,
      -41.07769012451172,
      -39.69572448730469,
      -40.35502624511719,
      -40.20206832885742,
      -40.397762298583984,
      -40.38753128051758,
      -40.01433563232422,
      -41.22563552856445,
      -39.58776092529297,
      -38.95536804199219,
      -39.99278259277344,
      -39.354827880859375,
      -38.65085983276367,
      -38.79280471801758,
      -39.28338623046875,
      -39.433006286621094,
      -40.39492416381836,
      -40.643310546875,
      -40.33975601196289,
      -39.712615966796875,
      -39.70293426513672,
      -39.05747985839844,
      -38.45124816894531,
      -39.55714416503906
    ],
    "clip_frac": [
      1.0,
      0.8333333134651184,
      1.0,
      0.8333333134651184,
      0.8333333134651184,
      1.0,
      0.8333333134651184,
      1.0,
      1.0,
      0.8333333134651184,
      0.8333333134651184,
      0.8333333134651184,
      1.0,
      1.0,
      0.8333333134651184,
      1.0,
      1.0,
      0.8333333134651184,
      0.6666666865348816,
      0.6666666865348816,
      0.8333333134651184,
      1.0,
      0.8333333134651184,
      1.0,
      1.0,
      0.5,
      0.5,
      0.8333333134651184,
      1.0
    ],
    "group_adv_mean": [
      10.056414604187012,
      9.956635475158691,
      6.666666507720947,
      6.666666507720947,
      8.333333015441895,
      10.009459495544434,
      8.333333015441895,
      10.039660453796387,
      9.954127311706543,
      9.955766677856445,
      9.9281005859375,
      8.333333015441895,
      9.990191459655762,
      10.058865547180176,
      9.97824764251709,
      10.015645980834961,
      9.978703498840332,
      9.975455284118652,
      9.98580551147461,
      9.948993682861328,
      9.992696762084961,
      8.333333015441895,
      9.938365936279297,
      10.02396297454834,
      9.969029426574707,
      8.333333015441895,
      10.068806648254395,
      9.961177825927734,
      10.029729843139648
    ],
    "group_adv_std": [
      0.07718603312969208,
      0.09539863467216492,
      4.71404504776001,
      4.71404504776001,
      3.7267799377441406,
      0.14833121001720428,
      3.7267799377441406,
      0.017765957862138748,
      0.04968896135687828,
      0.11482448130846024,
      0.04998203366994858,
      3.7267799377441406,
      0.08990426361560822,
      0.09194254875183105,
      0.11289765685796738,
      0.09531071037054062,
      0.08761924505233765,
      0.08927059173583984,
      0.07278893887996674,
      0.0971834808588028,
      0.0838237851858139,
      3.7267799377441406,
      0.049279455095529556,
      0.04589783027768135,
      0.08382636308670044,
      3.7267799377441406,
      0.05846073105931282,
      0.13927105069160461,
      0.0646684318780899
    ],