{
  "epoch": [
    0
  ],
  "ep_ret": [
    22.93317222595215
  ],
  "ep_len": [
    1
  ],
  "pi_loss": [
    0.15627962350845337
  ],
  "kl_div": [
    15.62796401977539
  ],
  "entropy": [
    -1680.3482666015625
  ],
  "clip_frac": [
    1.0
  ],
  "group_adv_mean": [
    22.93317222595215
  ],
  "group_adv_std": [
    5.678407192230225
  ],
  "throughput_embb": [
    153963.2
  ],
  "throughput_urllc": [
    102155.2
  ],
  "throughput_mmtc": [
    87879.2
  ],
  "delay_embb": [
    0.0
  ],
  "delay_urllc": [
    0.0
  ],
  "delay_mmtc": [
    0.0
  ],
  "qos_violation_embb": [
    0.0
  ],
  "qos_violation_urllc": [
    0.0
  ],
  "qos_violation_mmtc": [
    0.0
  ],
  "slicing_actions": [
    [
      32.886043548583984,
      33.207427978515625,
      33.906532287597656
    ]
  ],
  "sleep_actions": [
    [
      2,
      2,
      3
    ]
  ]
}