{
  "epoch": [
    0,
    1,
    2,
    3,
    4,
    5,
    6,
    7,
    8,
    9,
    10,
    11
  ],
  "ep_ret": [
    3.4057777777777773,
    2.862222222222222,
    3.332888888888889,
    2.6519999999999997,
    3.116444444444445,
    2.7066666666666666,
    3.1688888888888886,
    2.3586666666666667,
    2.9475555555555553,
    3.4328888888888884,
    2.5613333333333332,
    2.5288888888888885
  ],
  "ep_len": [
    6,
    6,
    6,
    6,
    6,
    6,
    6,
    6,
    6,
    6,
    6,
    6
  ],
  "pi_loss": [
    8.851372718811035,
    3.275350570678711,
    3.691588878631592,
    24.494190216064453,
    82.61788177490234,
    46.63026428222656,
    6.317811965942383,
    424.2255859375,
    10.023550987243652,
    7.0694804191589355,
    20.69710922241211,
    10.09850025177002
  ],
  "kl_div": [
    85.61195373535156,
    29.969959259033203,
    34.34861373901367,
    236.33505249023438,
    822.2179565429688,
    462.5531921386719,
    60.02867889404297,
    4240.71728515625,
    96.65160369873047,
    69.0519790649414,
    206.23609924316406,
    99.81148529052734
  ],
  "entropy": [
    -4016.572998046875,
    -4010.283203125,
    -4021.16845703125,
    -4020.10107421875,
    -4030.343505859375,
    -4037.2109375,
    -4034.635986328125,
    -4042.575927734375,
    -4047.27001953125,
    -4048.033935546875,
    -4048.003173828125,
    -4047.872314453125
  ],
  "clip_frac": [
    1.0,
    1.0,
    1.0,
    1.0,
    1.0,
    1.0,
    1.0,
    0.8333333134651184,
    1.0,
    0.8333333134651184,
    1.0,
    1.0
  ],
  "group_adv_mean": [
    3.405777931213379,
    2.86222243309021,
    3.3328888416290283,
    2.6519999504089355,
    3.1164443492889404,
    2.7066667079925537,
    3.168889045715332,
    2.3586666584014893,
    2.9475555419921875,
    3.4328887462615967,
    2.561333417892456,
    2.528888702392578
  ],
  "group_adv_std": [
    1.6595741510391235,
    1.0614144802093506,
    0.4035998284816742,
    1.2318766117095947,
    1.199353575706482,
    1.471232533454895,
    1.0338377952575684,
    0.6904723048210144,
    1.193320393562317,
    0.873953104019165,
    1.5481836795806885,
    1.648374319076538
  ],
  "slicing_actions": [
    [
      36.4062614440918,
      19.495906829833984,
      44.09783935546875
    ],
    [
      35.513214111328125,
      21.074420928955078,
      43.41236114501953
    ],
    [
      37.870338439941406,
      19.158100128173828,
      42.971553802490234
    ],
    [
      35.65028381347656,
      20.960662841796875,
      43.3890495300293
    ],
    [
      37.04355239868164,
      20.44879913330078,
      42.50765609741211
    ],
    [
      35.12084197998047,
      19.586193084716797,
      45.29296112060547
    ],
    [
      37.214752197265625,
      18.82845687866211,
      43.956787109375
    ],
    [
      37.44676971435547,
      18.23990249633789,
      44.313323974609375
    ],
    [
      35.30103302001953,
      20.449535369873047,
      44.249427795410156
    ],
    [
      36.18855285644531,
      19.560733795166016,
      44.25071334838867
    ],
    [
      35.520748138427734,
      20.379852294921875,
      44.099395751953125
    ],
    [
      34.71189880371094,
      20.7641544342041,
      44.52393341064453
    ]
  ],
  "sleep_actions": [
    [
      3,
      2,
      2
    ],
    [
      2,
      2,
      3
    ],
    [
      2,
      1,
      4
    ],
    [
      1,
      4,
      2
    ],
    [
      1,
      3,
      3
    ],
    [
      1,
      2,
      4
    ],
    [
      3,
      4,
      0
    ],
    [
      4,
      0,
      3
    ],
    [
      3,
      2,
      2
    ],
    [
      3,
      2,
      2
    ],
    [
      3,
      2,
      2
    ],
    [
      2,
      1,
      4
    ]
  ],
  "constraint_satisfaction": [
    1.0,
    1.0,
    1.0,
    1.0,
    1.0,
    1.0,
    1.0,
    1.0,
    1.0,
    1.0,
    1.0,
    1.0
  ],
  "energy_efficiency": [
    0.2857142857142857,
    0.2857142857142857,
    0.14285714285714285,
    0.5714285714285714,
    0.42857142857142855,
    0.2857142857142857,
    0.5714285714285714,
    0.0,
    0.2857142857142857,
    0.2857142857142857,
    0.2857142857142857,
    0.14285714285714285
  ],
  "sleep_ratio": [
    0.2857142857142857,
    0.2857142857142857,
    0.14285714285714285,
    0.5714285714285714,
    0.42857142857142855,
    0.2857142857142857,
    0.5714285714285714,
    0.0,
    0.2857142857142857,
    0.2857142857142857,
    0.2857142857142857,
    0.14285714285714285
  ],
  "active_ratio": [
    0.7142857142857143,
    0.7142857142857143,
    0.8571428571428571,
    0.42857142857142855,
    0.5714285714285714,
    0.7142857142857143,
    0.42857142857142855,
    1.0,
    0.7142857142857143,
    0.7142857142857143,
    0.7142857142857143,
    0.8571428571428571
  ],
  "slice_utilization": [
    1.0000001192092896,
    1.0,
    0.9999999403953552,
    1.0,
    1.0000001192092896,
    1.0,
    1.0,
    1.0,
    1.0,
    1.0,
    1.0,
    0.9999998211860657
  ],
  "slice_fairness": [
    0.9132107496261597,
    0.9285174012184143,
    0.9138052463531494,
    0.9277552366256714,
    0.9266265034675598,
    0.9086254835128784,
    0.9078576564788818,
    0.9012357592582703,
    0.9202107787132263,
    0.9131520986557007,
    0.9203479290008545,
    0.9212053418159485
  ],
  "slice_qos_satisfaction": [
    0.0,
    0.0,
    0.0,
    0.0,
    0.0,
    0.0,
    0.0,
    0.0,
    0.0,
    0.0,
    0.0,
    0.0
  ]
}