{
  "epoch": [
    0,
    0,
    0,
    0,
    0,
    0,
    0,
    0,
    0,
    0,
    0,
    0,
    0,
    0,
    0,
    0,
    0,
    0,
    0,
    0,
    0,
    0,
    0,
    0,
    0,
    0,
    0,
    0,
    0,
    0,
    0,
    0,
    0,
    0,
    0,
    0,
    0,
    0,
    0,
    0,
    0,
    0,
    0,
    0,
    0,
    0,
    0,
    0,
    0,
    0,
    0,
    0,
    0,
    0,
    0,
    0,
    0,
    0,
    0,
    0,
    0,
    0,
    0,
    0,
    0,
    0,
    0,
    0,
    0,
    0,
    0,
    0,
    0,
    0,
    0,
    0,
    0,
    0,
    0,
    0,
    0,
    0,
    0,
    0,
    0,
    0,
    0,
    0,
    0,
    0,
    0,
    0,
    0,
    0,
    0,
    0,
    0,
    0,
    0,
    0
  ],
  "ep_ret": [
    -2.0999999999999996,
    -2.0999999999999996,
    -2.0999999999999996,
    -2.0999999999999996,
    -2.0999999999999996,
    -2.0999999999999996,
    -2.0999999999999996,
    -2.0999999999999996,
    -2.0999999999999996,
    -2.0999999999999996,
    -2.0999999999999996,
    -2.0999999999999996,
    0.48862745098039245,
    -14.848826583592937,
    -2.0999999999999996,
    4.782174712643677,
    -2.0999999999999996,
    2.5321747126436773,
    -2.0999999999999996,
    0.9321747126436787,
    -2.0999999999999996,
    -2.0999999999999996,
    -2.0999999999999996,
    143.3589566484517,
    -2.0999999999999996,
    -2.0999999999999996,
    -2.0999999999999996,
    142.41491216931215,
    136.79448888888888,
    -2.0999999999999996,
    141.8633121693122,
    136.79448888888888,
    -2.0999999999999996,
    -2.0999999999999996,
    136.79448888888888,
    -2.0999999999999996,
    -2.0999999999999996,
    -10.55811606391926,
    -2.0999999999999996,
    -2.0999999999999996,
    -2.0999999999999996,
    -2.0999999999999996,
    -2.0999999999999996,
    -2.0999999999999996,
    -2.0999999999999996,
    -2.0999999999999996,
    -2.0999999999999996,
    -2.0999999999999996,
    -2.0999999999999996,
    -2.0999999999999996,
    -2.0999999999999996,
    -2.0999999999999996,
    -2.0999999999999996,
    -2.0999999999999996,
    -2.0999999999999996,
    -2.0999999999999996,
    -2.0999999999999996,
    -2.0999999999999996,
    -2.0999999999999996,
    -2.0999999999999996,
    -2.0999999999999996,
    -2.0999999999999996,
    -2.0999999999999996,
    -2.0999999999999996,
    -2.0999999999999996,
    136.79448888888888,
    -2.0999999999999996,
    -2.0999999999999996,
    -2.0999999999999996,
    -2.0999999999999996,
    -2.0999999999999996,
    -2.0999999999999996,
    -2.0999999999999996,
    -2.0999999999999996,
    -2.0999999999999996,
    -2.0999999999999996,
    -2.0999999999999996,
    -2.0999999999999996,
    -2.0999999999999996,
    -2.0999999999999996,
    -2.0999999999999996,
    -2.0999999999999996,
    -2.0999999999999996,
    -2.0999999999999996,
    -2.0999999999999996,
    -2.0999999999999996,
    -2.0999999999999996,
    -2.0999999999999996,
    -2.0999999999999996,
    -2.0999999999999996,
    -2.0999999999999996,
    -2.0999999999999996,
    -2.0999999999999996,
    -2.0999999999999996,
    -2.0999999999999996,
    -2.0999999999999996,
    -2.0999999999999996,
    -2.0999999999999996,
    -2.0999999999999996,
    -2.0999999999999996
  ],
  "ep_len": [
    6,
    6,
    6,
    6,
    6,
    6,
    6,
    6,
    6,
    6,
    6,
    6,
    6,
    6,
    6,
    6,
    6,
    6,
    6,
    6,
    6,
    6,
    6,
    6,
    6,
    6,
    6,
    6,
    6,
    6,
    6,
    6,
    6,
    6,
    6,
    6,
    6,
    6,
    6,
    6,
    6,
    6,
    6,
    6,
    6,
    6,
    6,
    6,
    6,
    6,
    6,
    6,
    6,
    6,
    6,
    6,
    6,
    6,
    6,
    6,
    6,
    6,
    6,
    6,
    6,
    6,
    6,
    6,
    6,
    6,
    6,
    6,
    6,
    6,
    6,
    6,
    6,
    6,
    6,
    6,
    6,
    6,
    6,
    6,
    6,
    6,
    6,
    6,
    6,
    6,
    6,
    6,
    6,
    6,
    6,
    6,
    6,
    6,
    6,
    6
  ],
  "pi_loss": [
    -0.1678084135055542,
    -0.36877480149269104,
    -0.6845634579658508,
    -0.9107584953308105,
    -0.7651583552360535,
    -0.5514572858810425,
    -0.12010844051837921,
    1.3616116046905518,
    -0.08869059383869171,
    0.7502892017364502,
    0.18750640749931335,
    0.23762503266334534,
    0.2742697298526764,
    0.4449475407600403,
    0.0409388542175293,
    0.1349886804819107,
    -0.15165352821350098,
    0.731298565864563,
    -0.23345503211021423,
    1.602824330329895,
    -0.08308867365121841,
    5.0487189292907715,
    0.22515791654586792,
    0.5886501669883728,
    0.6436091661453247,
    0.318634033203125,
    1.0505925416946411,
    2.3333792686462402,
    1.780786156654358,
    1.629533290863037,
    2.7413716316223145,
    3.712193489074707,
    3.275092601776123,
    50.87055587768555,
    4.709017276763916,
    0.7664530277252197,
    4.7184739112854,
    2.334899425506592,
    2.2909953594207764,
    2.2176177501678467,
    4.741617679595947,
    1.7769784927368164,
    1.5905086994171143,
    4.751155853271484,
    13.23041820526123,
    3.180647611618042,
    5.675624370574951,
    4.743617057800293,
    5.777037620544434,
    8.850517272949219,
    24.861268997192383,
    7.929251670837402,
    59.70016098022461,
    5.9175896644592285,
    15.563071250915527,
    47.021217346191406,
    32.70941162109375,
    7.110688209533691,
    3.076725959777832,
    4.050124168395996,
    10.08613395690918,
    62.137733459472656,
    5.017256259918213,
    6.406224250793457,
    4.447595596313477,
    5.183469772338867,
    44.837642669677734,
    12.715388298034668,
    8.934957504272461,
    4.501967430114746,
    8.058345794677734,
    14.777033805847168,
    26.785327911376953,
    56.81711959838867,
    17.225719451904297,
    14.424260139465332,
    29.702871322631836,
    10.336335182189941,
    11.645813941955566,
    8.421960830688477,
    11.632959365844727,
    3.2016584873199463,
    22.800485610961914,
    47.714542388916016,
    89.45514678955078,
    7.050439357757568,
    137.3908233642578,
    10.879626274108887,
    2.788206100463867,
    13.848104476928711,
    10.138731956481934,
    15.637516021728516,
    8.294904708862305,
    12.819886207580566,
    76.55154418945312,
    8.632493019104004,
    12.146882057189941,
    15.016521453857422,
    135.5749969482422,
    105.78436279296875
  ],