{
  "metadata": {
    "timestamp": "2025-07-04T11:00:48.533692",
    "total_epochs": 2,
    "config": {}
  },
  "metrics": {
    "epoch": [
      0,
      1
    ],
    "ep_ret": [
      -0.11499469629629629,
      -0.22934492592592592
    ],
    "ep_len": [
      6,
      6
    ],
    "pi_loss": [
      1.1260799169540405,
      72.10980224609375
    ],
    "kl_div": [
      9.182056427001953,
      718.4072875976562
    ],
    "entropy": [
      -1675.21044921875,
      -1668.8179931640625
    ],
    "clip_frac": [
      1.0,
      1.0
    ],
    "group_adv_mean": [
      -0.11499469727277756,
      -0.2293449193239212
    ],
    "group_adv_std": [
      0.2572762072086334,
      0.3244554400444031
    ],
    "slicing_actions": [
      [
        31.868000030517578,
        34.485877990722656,
        33.646121978759766
      ],
      [
        32.39236068725586,
        34.11362838745117,
        33.4940071105957
      ]
    ],
    "sleep_actions": [
      [
        2,
        3,
        2
      ],
      [
        3,
        1,
        3
      ]
    ],
    "constraint_satisfaction": [
      1.0,
      1.0
    ],
    "energy_efficiency": [
      0.5714285714285714,
      0.8571428571428572
    ],
    "sleep_ratio": [
      0.42857142857142855,
      0.14285714285714285
    ],
    "active_ratio": [
      0.5714285714285714,
      0.8571428571428571
    ],
    "slice_utilization": [
      1.0,
      1.0
    ],
    "slice_fairness": [
      0.9989290833473206,
      0.9995443224906921
    ],
    "slice_qos_satisfaction": [
      0.0,
      0.0
    ]
  }
}