{
  "epoch": [
    0,
    0,
    0,
    0,
    0,
    0,
    0,
    0,
    0,
    0,
    0,
    0,
    0,
    0,
    0,
    0,
    1,
    1,
    1,
    1,
    1,
    1,
    1,
    1,
    1,
    1
  ],
  "step": [
    0,
    1,
    2,
    3,
    4,
    5,
    6,
    7,
    8,
    9,
    10,
    11,
    12,
    13,
    14,
    15,
    0,
    1,
    2,
    3,
    4,
    5,
    6,
    7,
    8,
    9
  ],
  "ep_ret": [
    2.1666666666666665,
    3.076,
    2.0831111111111107,
    2.1631111111111108,
    2.7484444444444445,
    2.1724444444444444,
    2.991111111111111,
    3.5817777777777775,
    2.7484444444444445,
    2.667111111111111,
    2.3297777777777777,
    2.452888888888889,
    2.7484444444444445,
    2.362222222222222,
    3.0724444444444443,
    3.4057777777777773,
    2.6955555555555555,
    2.3311111111111114,
    2.454222222222222,
    2.0288888888888885,
    3.239111111111111,
    2.786222222222222,
    2.2066666666666666,
    2.2497777777777777,
    2.324444444444444,
    3.239111111111111
  ],
  "pi_loss": [
    3.090893030166626,
    16.2661075592041,
    9.68112564086914,
    3.939866781234741,
    4.112521171569824,
    25.67059326171875,
    17.190256118774414,
    19.427080154418945,
    12.883173942565918,
    16.67999839782715,
    13.06515121459961,
    17.88643455505371,
    24.82182502746582,
    21.947769165039062,
    27.51947593688965,
    8.851372718811035,
    1.0515413284301758,
    5.131782531738281,
    1.0879206657409668,
    2.4038915634155273,
    11.527519226074219,
    31.171411514282227,
    33.938636779785156,
    1.1239023208618164,
    4.81057071685791,
    7.778209686279297
  ],
  "kl_div": [
    1.294348955154419,
    158.38548278808594,
    93.3650894165039,
    36.37899398803711,
    37.62263107299805,
    253.7595977783203,
    168.07986450195312,
    190.29989624023438,
    126.85187530517578,
    164.53564453125,
    127.21342468261719,
    175.00973510742188,
    245.14060974121094,
    215.41737365722656,
    271.7587585449219,
    85.61195373535156,
    8.218539237976074,
    49.761077880859375,
    10.482576370239258,
    3.313406229019165,
    109.92969512939453,
    20.77776527404785,
    337.04107666015625,
    3.2297658920288086,
    46.97041702270508,
    73.65521240234375
  ],
  "group_adv_mean": [
    2.1666667461395264,
    3.0759999752044678,
    2.083111047744751,
    2.1631109714508057,
    2.7484445571899414,
    2.1724445819854736,
    2.9911110401153564,
    3.581777811050415,
    2.7484445571899414,
    2.6671111583709717,
    2.329777956008911,
    2.4528889656066895,
    2.7484445571899414,
    2.36222243309021,
    3.0724446773529053,
    3.405777931213379,
    2.6955556869506836,
    2.331111192703247,
    2.4542219638824463,
    2.0288889408111572,
    3.2391109466552734,
    2.786222457885742,
    2.2066667079925537,
    2.2497777938842773,
    2.324444532394409,
    3.2391109466552734
  ],
  "group_adv_std": [
    1.0671874284744263,
    1.0866830348968506,
    0.6466019153594971,
    0.36472758650779724,
    1.1787890195846558,
    1.1471643447875977,
    1.2331804037094116,
    0.6067422032356262,
    0.5416215062141418,
    1.3996362686157227,
    0.4499393403530121,
    1.053268551826477,
    1.525785207748413,
    0.8575747609138489,
    1.1685351133346558,
    1.6595741510391235,
    1.255037546157837,
    1.4074034690856934,
    1.5160467624664307,
    1.1451704502105713,
    1.3778811693191528,
    1.204207420349121,
    1.3173555135726929,
    1.1436649560928345,
    0.8995204567909241,
    1.571203589439392
  ],
  "policy_updated": [
    true,
    false,
    false,
    false,
    false,
    false,
    false,
    false,
    false,
    false,
    false,
    false,
    false,
    false,
    false,
    false,
    false,
    false,
    false,
    true,
    false,
    false,
    false,
    true,
    false,
    false
  ],
  "action_diversity_slice": [
    0.636711835861206,
    0.5176442265510559,
    0.7406972050666809,
    0.5816311240196228,
    0.4040260314941406,
    0.9256578087806702,
    0.8699894547462463,
    0.49276360869407654,
    0.8129073977470398,
    0.6412307620048523,
    0.6892945766448975,
    0.6551256775856018,
    0.9652244448661804,
    0.6562438607215881,
    0.5949540734291077,
    0.6418589353561401,
    0.8450246453285217,
    0.7264564037322998,
    0.6781389117240906,
    0.7103073000907898,
    0.8842299580574036,
    0.8673892021179199,
    0.3970838487148285,
    0.7507808804512024,
    0.5826542973518372,
    0.6736400723457336
  ],
  "action_diversity_sleep": [
    1.0520843300406097,
    0.9757918989989655,
    1.0750887103858722,
    0.7284071205517898,
    0.8348872050032398,
    1.241505158439243,
    1.3151554642410126,
    0.7766892437639857,
    0.8587686604104593,
    1.1759193833478472,
    1.019086802615771,
    1.1348508850161279,
    1.0633427235022368,
    1.1695810958945012,
    0.8458954348366792,
    1.3511409394021419,
    0.9533044135422949,
    1.1541880669134308,
    1.186529967842641,
    1.147459815721541,
    1.3853583252027397,
    1.2259654186453788,
    1.1862210746733386,
    0.7284071205517898,
    0.8680330417545958,
    0.8624734734248927
  ],
  "timestamp": [
    "2025-07-06T19:53:25.849061",
    "2025-07-06T19:53:26.022396",
    "2025-07-06T19:53:26.222950",
    "2025-07-06T19:53:26.409215",
    "2025-07-06T19:53:26.594634",
    "2025-07-06T19:53:26.690056",
    "2025-07-06T19:53:26.900698",
    "2025-07-06T19:53:27.097036",
    "2025-07-06T19:53:27.360083",
    "2025-07-06T19:53:27.546083",
    "2025-07-06T19:53:27.732017",
    "2025-07-06T19:53:27.882187",
    "2025-07-06T19:53:28.019234",
    "2025-07-06T19:53:28.163589",
    "2025-07-06T19:53:28.296509",
    "2025-07-06T19:53:28.442538",
    "2025-07-06T19:53:34.178707",
    "2025-07-06T19:53:34.504597",
    "2025-07-06T19:53:34.789239",
    "2025-07-06T19:53:35.090864",
    "2025-07-06T19:53:35.520125",
    "2025-07-06T19:53:35.812381",
    "2025-07-06T19:53:36.103131",
    "2025-07-06T19:53:36.467009",
    "2025-07-06T19:53:36.879123",
    "2025-07-06T19:53:37.233619"
  ]
}