{
  "epoch": [
    0,
    0,
    0,
    0,
    0,
    0,
    0,
    0,
    0,
    0,
    1,
    1,
    1,
    1,
    1,
    1,
    1,
    1,
    1,
    1,
    2,
    2,
    2,
    2,
    2,
    2,
    2,
    2,
    2,
    2,
    3,
    3,
    3,
    3,
    3,
    3,
    3,
    3,
    3,
    3,
    4,
    4,
    4,
    4,
    4,
    4,
    4,
    4,
    4,
    4,
    5,
    5,
    5,
    5,
    5,
    5,
    5,
    5,
    5,
    5
  ],
  "step": [
    0,
    1,
    2,
    3,
    4,
    5,
    6,
    7,
    8,
    9,
    0,
    1,
    2,
    3,
    4,
    5,
    6,
    7,
    8,
    9,
    0,
    1,
    2,
    3,
    4,
    5,
    6,
    7,
    8,
    9,
    0,
    1,
    2,
    3,
    4,
    5,
    6,
    7,
    8,
    9,
    0,
    1,
    2,
    3,
    4,
    5,
    6,
    7,
    8,
    9,
    0,
    1,
    2,
    3,
    4,
    5,
    6,
    7,
    8,
    9
  ],
  "ep_ret": [
    15.0,
    20.0,
    20.0,
    26.433333333333334,
    18.099999999999998,
    28.333333333333332,
    23.333333333333332,
    21.666666666666668,
    16.666666666666668,
    26.666666666666668,
    26.433333333333334,
    15.0,
    21.666666666666668,
    23.333333333333332,
    20.0,
    28.333333333333332,
    28.333333333333332,
    20.0,
    16.666666666666668,
    25.0,
    28.333333333333332,
    18.333333333333332,
    23.333333333333332,
    21.666666666666668,
    16.666666666666668,
    28.333333333333332,
    21.666666666666668,
    15.0,
    25.0,
    11.666666666666666,
    20.0,
    26.666666666666668,
    26.666666666666668,
    26.666666666666668,
    23.333333333333332,
    18.333333333333332,
    20.0,
    16.666666666666668,
    26.666666666666668,
    13.333333333333334,
    10.0,
    18.333333333333332,
    24.883333333333336,
    33.333333333333336,
    21.666666666666668,
    20.0,
    18.333333333333332,
    26.55,
    30.0,
    21.666666666666668,
    15.0,
    25.0,
    20.0,
    15.0,
    23.333333333333332,
    16.666666666666668,
    18.333333333333332,
    16.666666666666668,
    18.333333333333332,
    28.333333333333332
  ],
  "pi_loss": [
    0.4191489517688751,
    5.429704666137695,
    9.377416610717773,
    0.5441548824310303,
    0.6589996814727783,
    1.8476982116699219,
    0.441820353269577,
    2.0518317222595215,
    2.1543636322021484,
    3.035024881362915,
    1.3235163688659668,
    0.47992444038391113,
    2.0383026599884033,
    1.4652073383331299,
    0.7844854593276978,
    -0.18653184175491333,
    1.618535041809082,
    2.7574386596679688,
    4.066064357757568,
    3.0512125492095947,
    2.1058037281036377,
    1.6445469856262207,
    0.44399046897888184,
    0.43248575925827026,
    1.055344820022583,
    1.110120415687561,
    2.3663015365600586,
    3.5558199882507324,
    1.5403695106506348,
    0.5019984841346741,
    2.1818790435791016,
    1.3180423974990845,
    1.1733496189117432,
    3.997605085372925,
    0.5321849584579468,
    2.2014408111572266,
    0.2067396193742752,
    1.5364923477172852,
    0.4464631676673889,
    0.4546873867511749,
    0.4343649744987488,
    0.43523645401000977,
    1.4743833541870117,
    1.864194393157959,
    2.2003893852233887,
    0.4339452385902405,
    1.1585036516189575,
    2.9752211570739746,
    2.077361583709717,
    0.48683279752731323,
    0.42305997014045715,
    0.43149593472480774,
    1.1222832202911377,
    2.670870304107666,
    0.47619616985321045,
    0.4574376940727234,
    0.8987230062484741,
    0.4209708869457245,
    0.4380846619606018,
    1.7671678066253662
  ],
  "kl_div": [
    0.015476107597351074,
    0.1683988720178604,
    0.15078148245811462,
    0.06079014018177986,
    0.017710428684949875,
    0.021451255306601524,
    0.005597809795290232,
    0.08517181873321533,
    0.07530975341796875,
    0.49305883049964905,
    0.014140705578029156,
    0.15273280441761017,
    0.1605709344148636,
    0.22658556699752808,
    0.016828637570142746,
    0.02492888830602169,
    0.044276196509599686,
    0.08037607371807098,
    0.1478874832391739,
    0.06384879350662231,
    0.030225694179534912,
    0.04483626410365105,
    0.014122048392891884,
    0.05266956239938736,
    0.06256133317947388,
    0.02103058435022831,
    0.01893293857574463,
    0.060125648975372314,
    0.015081862919032574,
    0.07065416872501373,
    0.05303633213043213,
    0.03974634408950806,
    0.12065291404724121,
    0.06028684228658676,
    0.02707473374903202,
    0.039957720786333084,
    0.01203387975692749,
    0.021641749888658524,
    0.03680604696273804,
    0.04752373695373535,
    0.011612017638981342,
    0.06149361655116081,
    0.01444139052182436,
    0.033998508006334305,
    0.07671620696783066,
    0.05958513170480728,
    0.006851215846836567,
    0.029106855392456055,
    0.034522056579589844,
    0.06988850980997086,
    0.026076456531882286,
    0.016720909625291824,
    0.0635223239660263,
    0.13169971108436584,
    0.144111767411232,
    0.14448708295822144,
    0.060188014060258865,
    0.03076259233057499,
    0.009227633476257324,
    0.0603916235268116
  ],
  "group_adv_mean": [
    8.333333015441895,
    9.959735870361328,
    9.954201698303223,
    9.883333206176758,
    9.766666412353516,
    10.012907981872559,
    8.333333015441895,
    10.011969566345215,
    10.074749946594238,
    10.056414604187012,
    10.038477897644043,
    6.666666507720947,
    9.996468544006348,
    10.041618347167969,
    9.939827919006348,
    10.078856468200684,
    9.932890892028809,
    10.043486595153809,
    10.047242164611816,
    9.956635475158691,
    10.011820793151855,
    10.049060821533203,
    8.333333015441895,
    10.02427864074707,
    10.016560554504395,
    10.045759201049805,
    10.037718772888184,
    9.923008918762207,
    9.981171607971191,
    6.666666507720947,
    9.99121379852295,
    10.05648422241211,
    10.031853675842285,
    10.059738159179688,
    9.98726749420166,
    10.00897216796875,
    9.985107421875,
    9.969622611999512,
    8.333333015441895,
    6.666666507720947,
    5.0,
    8.333333015441895,
    9.952893257141113,
    9.968428611755371,
    9.967024803161621,
    8.333333015441895,
    10.065167427062988,
    10.007430076599121,
    10.06016731262207,
    8.333333015441895,
    6.666666507720947,
    8.333333015441895,
    10.042033195495605,
    9.994256973266602,
    8.333333015441895,
    8.333333015441895,
    9.988243103027344,
    8.333333015441895,
    8.333333015441895,
    10.009459495544434
  ],
  "group_adv_std": [
    3.7267799377441406,
    0.08876712620258331,
    0.03819185867905617,
    0.26087453961372375,
    0.32998308539390564,
    0.04565058648586273,
    3.7267799377441406,
    0.11490560322999954,
    0.1031428650021553,
    0.07718603312969208,
    0.054165709763765335,
    4.71404504776001,
    0.08748291432857513,
    0.09423767775297165,
    0.09418024122714996,
    0.058104731142520905,
    0.05489514395594597,
    0.07240092754364014,
    0.06503550708293915,
    0.09539863467216492,
    0.0917593464255333,
    0.16077707707881927,
    3.7267799377441406,
    0.0846891701221466,
    0.08952390402555466,
    0.11855104565620422,
    0.0790805071592331,
    0.05348243936896324,
    0.13800466060638428,
    4.71404504776001,
    0.09293461591005325,
    0.11988159269094467,
    0.09304146468639374,
    0.03487878292798996,
    0.0881543830037117,
    0.09767138957977295,
    0.05039440467953682,
    0.062351714819669724,
    3.7267799377441406,
    4.71404504776001,
    5.0,
    3.7267799377441406,
    0.09377971291542053,
    0.06901949644088745,
    0.06312523037195206,
    3.7267799377441406,
    0.04339556768536568,
    0.0248694010078907,
    0.06828330457210541,
    3.7267799377441406,
    4.71404504776001,
    3.7267799377441406,
    0.16581198573112488,
    0.03282180801033974,
    3.7267799377441406,
    3.7267799377441406,
    0.1019400954246521,
    3.7267799377441406,
    3.7267799377441406,
    0.14833121001720428
  ],