{
  "epoch": [
    0,
    0,
    0,
    0,
    0,
    0,
    0,
    0,
    0,
    0,
    1,
    1,
    1,
    1,
    1,
    1,
    1,
    1,
    1,
    1,
    2,
    2,
    2,
    2,
    2,
    2,
    2,
    2,
    2,
    2
  ],
  "step": [
    0,
    1,
    2,
    3,
    4,
    5,
    6,
    7,
    8,
    9,
    0,
    1,
    2,
    3,
    4,
    5,
    6,
    7,
    8,
    9,
    0,
    1,
    2,
    3,
    4,
    5,
    6,
    7,
    8,
    9
  ],
  "ep_ret": [
    15.0,
    20.0,
    20.0,
    26.433333333333334,
    18.099999999999998,
    28.333333333333332,
    23.333333333333332,
    21.666666666666668,
    16.666666666666668,
    26.666666666666668,
    26.433333333333334,
    15.0,
    21.666666666666668,
    23.333333333333332,
    20.0,
    28.333333333333332,
    28.333333333333332,
    20.0,
    16.666666666666668,
    25.0,
    28.333333333333332,
    18.333333333333332,
    23.333333333333332,
    21.666666666666668,
    16.666666666666668,
    28.333333333333332,
    21.666666666666668,
    15.0,
    25.0,
    11.666666666666666
  ],
  "pi_loss": [
    0.4191489517688751,
    5.429704666137695,
    9.377416610717773,
    0.5441548824310303,
    0.6589996814727783,
    1.8476982116699219,
    0.441820353269577,
    2.0518317222595215,
    2.1543636322021484,
    3.035024881362915,
    1.3235163688659668,
    0.47992444038391113,
    2.0383026599884033,
    1.4652073383331299,
    0.7844854593276978,
    -0.18653184175491333,
    1.618535041809082,
    2.7574386596679688,
    4.066064357757568,
    3.0512125492095947,
    2.1058037281036377,
    1.6445469856262207,
    0.44399046897888184,
    0.43248575925827026,
    1.055344820022583,
    1.110120415687561,
    2.3663015365600586,
    3.5558199882507324,
    1.5403695106506348,
    0.5019984841346741
  ],
  "kl_div": [
    0.015476107597351074,
    0.1683988720178604,
    0.15078148245811462,
    0.06079014018177986,
    0.017710428684949875,
    0.021451255306601524,
    0.005597809795290232,
    0.08517181873321533,
    0.07530975341796875,
    0.49305883049964905,
    0.014140705578029156,
    0.15273280441761017,
    0.1605709344148636,
    0.22658556699752808,
    0.016828637570142746,
    0.02492888830602169,
    0.044276196509599686,
    0.08037607371807098,
    0.1478874832391739,
    0.06384879350662231,
    0.030225694179534912,
    0.04483626410365105,
    0.014122048392891884,
    0.05266956239938736,
    0.06256133317947388,
    0.02103058435022831,
    0.01893293857574463,
    0.060125648975372314,
    0.015081862919032574,
    0.07065416872501373
  ],
  "group_adv_mean": [
    8.333333015441895,
    9.959735870361328,
    9.954201698303223,
    9.883333206176758,
    9.766666412353516,
    10.012907981872559,
    8.333333015441895,
    10.011969566345215,
    10.074749946594238,
    10.056414604187012,
    10.038477897644043,
    6.666666507720947,
    9.996468544006348,
    10.041618347167969,
    9.939827919006348,
    10.078856468200684,
    9.932890892028809,
    10.043486595153809,
    10.047242164611816,
    9.956635475158691,
    10.011820793151855,
    10.049060821533203,
    8.333333015441895,
    10.02427864074707,
    10.016560554504395,
    10.045759201049805,
    10.037718772888184,
    9.923008918762207,
    9.981171607971191,
    6.666666507720947
  ],
  "group_adv_std": [
    3.7267799377441406,
    0.08876712620258331,
    0.03819185867905617,
    0.26087453961372375,
    0.32998308539390564,
    0.04565058648586273,
    3.7267799377441406,
    0.11490560322999954,
    0.1031428650021553,
    0.07718603312969208,
    0.054165709763765335,
    4.71404504776001,
    0.08748291432857513,
    0.09423767775297165,
    0.09418024122714996,
    0.058104731142520905,
    0.05489514395594597,
    0.07240092754364014,
    0.06503550708293915,
    0.09539863467216492,
    0.0917593464255333,
    0.16077707707881927,
    3.7267799377441406,
    0.0846891701221466,
    0.08952390402555466,
    0.11855104565620422,
    0.0790805071592331,
    0.05348243936896324,
    0.13800466060638428,
    4.71404504776001
  ],
  "policy_updated": [
    true,
    true,
    true,
    true,
    true,
    true,
    true,
    true,
    true,
    true,
    true,
    true,
    true,
    true,
    true,
    true,
    true,
    true,
    true,
    true,
    true,
    true,
    true,
    true,
    true,
    true,
    true,
    true,
    true,
    true
  ],
  "action_diversity_slice": [
    1.004179835319519,
    0.7564236521720886,
    0.6164429783821106,
    0.7242403030395508,
    0.68766188621521,
    0.9556126594543457,
    0.78121417760849,
    0.6543895602226257,
    0.6919102668762207,
    0.7492495179176331,
    0.6991326212882996,
    0.8348727822303772,
    0.7885487675666809,
    0.8206034302711487,
    0.892795741558075,
    0.7029154300689697,
    0.8699291348457336,
    0.8230090141296387,
    0.5098638534545898,
    0.797764003276825,
    0.6966298222541809,
    0.9068660736083984,
    0.9953033924102783,
    0.7626214623451233,
    0.3617497384548187,
    0.8317158818244934,
    0.6686576008796692,
    1.0082721710205078,
    1.2296644449234009,
    0.8683056831359863
  ],
  "action_diversity_sleep": [
    1.2223801004154462,
    1.0369597053563901,
    1.05278699972347,
    0.9891411740812921,
    1.3625733966953242,
    0.9882382802537419,
    1.3119137162324617,
    0.7772406376771258,
    0.8468036427371438,
    0.9743430680609508,
    0.8399183863860761,
    0.9670630665224907,
    0.7979186427814379,
    0.8425069267913635,
    1.0445580547941145,
    1.1286935393013426,
    0.8569560749231592,
    1.0757978595165418,
    1.0476278201185603,
    0.9070632411941038,
    0.6955673483444805,
    1.220867623238326,
    1.3853583252027395,
    0.8022153587272179,
    1.0018660425547716,
    0.9836237755795585,
    1.2914100848092092,
    0.7979186427814379,
    0.9768591180517667,
    1.0128639645655022
  ],
  "timestamp": [
    "2025-07-07T10:29:54.674063",
    "2025-07-07T10:29:54.864911",
    "2025-07-07T10:29:55.021762",
    "2025-07-07T10:29:55.155857",
    "2025-07-07T10:29:55.310535",
    "2025-07-07T10:29:55.451382",
    "2025-07-07T10:29:55.651256",
    "2025-07-07T10:29:55.805578",
    "2025-07-07T10:29:55.968717",
    "2025-07-07T10:29:56.159983",
    "2025-07-07T10:30:01.763424",
    "2025-07-07T10:30:02.039296",
    "2025-07-07T10:30:02.299085",
    "2025-07-07T10:30:02.568243",
    "2025-07-07T10:30:02.840528",
    "2025-07-07T10:30:03.131028",
    "2025-07-07T10:30:03.397805",
    "2025-07-07T10:30:03.685398",
    "2025-07-07T10:30:03.989014",
    "2025-07-07T10:30:04.304130",
    "2025-07-07T10:30:10.167492",
    "2025-07-07T10:30:10.659482",
    "2025-07-07T10:30:11.189771",
    "2025-07-07T10:30:11.707366",
    "2025-07-07T10:30:12.224597",
    "2025-07-07T10:30:12.773200",
    "2025-07-07T10:30:13.332890",
    "2025-07-07T10:30:13.915988",
    "2025-07-07T10:30:14.486403",
    "2025-07-07T10:30:15.027987"
  ]
}