{
  "epoch": [
    0,
    0,
    0,
    0,
    0,
    0,
    0,
    0,
    0,
    0,
    0,
    0,
    0,
    0,
    0,
    0,
    0,
    0,
    0,
    0,
    0,
    0,
    0,
    0,
    0,
    0,
    0,
    0,
    0,
    0
  ],
  "step": [
    0,
    1,
    2,
    3,
    4,
    5,
    6,
    7,
    8,
    9,
    10,
    11,
    12,
    13,
    14,
    15,
    16,
    17,
    18,
    19,
    20,
    21,
    22,
    23,
    24,
    25,
    26,
    27,
    28,
    29
  ],
  "ep_ret": [
    2.3576,
    1.565911111111111,
    1.8619555555555556,
    2.6952888888888893,
    1.7195555555555553,
    2.0415111111111113,
    1.6996444444444443,
    2.6711555555555555,
    2.4076,
    3.3877333333333333,
    1.708177777777778,
    2.0286222222222223,
    1.553022222222222,
    1.2911555555555556,
    1.9106222222222222,
    1.7254222222222222,
    1.7038222222222223,
    1.5786222222222221,
    1.565777777777778,
    2.0371555555555556,
    2.052888888888889,
    2.208888888888889,
    2.1286666666666667,
    1.041511111111111,
    1.6882666666666666,
    2.2324444444444445,
    1.9034666666666666,
    2.020088888888889,
    2.376355555555556,
    1.7666666666666668
  ],
  "pi_loss": [
    0.015106314793229103,
    0.6569023132324219,
    0.9621764421463013,
    1.2629125118255615,
    1.017437219619751,
    0.8531695604324341,
    0.8521488904953003,
    1.4505352973937988,
    0.8576242327690125,
    0.8078210353851318,
    0.8517128825187683,
    1.210144281387329,
    1.2119438648223877,
    0.7641337513923645,
    0.7631486654281616,
    1.015228033065796,
    0.9326001405715942,
    0.7357637882232666,
    0.8470824956893921,
    0.9465645551681519,
    1.1620593070983887,
    0.943280041217804,
    1.3695440292358398,
    0.894386887550354,
    1.3900146484375,
    0.9408907890319824,
    1.110642910003662,
    0.6838234066963196,
    0.8302547931671143,
    0.7800130844116211
  ],
  "kl_div": [
    0.4148474633693695,
    3.3348915576934814,
    6.281309127807617,
    9.074126243591309,
    6.760838508605957,
    5.932676792144775,
    5.302853107452393,
    11.060425758361816,
    5.798100471496582,
    5.087330341339111,
    5.733459949493408,
    9.696861267089844,
    8.183396339416504,
    4.44146203994751,
    5.122819900512695,
    6.733878135681152,
    6.12421989440918,
    4.467106342315674,
    5.427405834197998,
    6.545230388641357,
    8.196561813354492,
    6.159453392028809,
    10.342705726623535,
    6.506738185882568,
    10.492332458496094,
    5.823917388916016,
    7.971142768859863,
    4.563029766082764,
    5.266542434692383,
    4.741103649139404
  ],
  "group_adv_mean": [
    2.357599973678589,
    1.5659111738204956,
    1.8619556427001953,
    2.695288896560669,
    1.7195554971694946,
    2.041511058807373,
    1.6996445655822754,
    2.6711556911468506,
    2.407600164413452,
    3.387733221054077,
    1.708177924156189,
    2.0286223888397217,
    1.5530222654342651,
    1.2911555767059326,
    1.910622239112854,
    1.7254223823547363,
    1.703822135925293,
    1.5786222219467163,
    1.5657777786254883,
    2.0371556282043457,
    2.052888870239258,
    2.2088887691497803,
    2.128666877746582,
    1.041511058807373,
    1.6882667541503906,
    2.2324445247650146,
    1.9034667015075684,
    2.0200889110565186,
    2.3763556480407715,
    1.7666667699813843
  ],
  "group_adv_std": [
    1.6957757472991943,
    0.801699161529541,
    1.3547495603561401,
    0.7272768020629883,
    0.7771158218383789,
    0.5370235443115234,
    0.937512993812561,
    0.9444444179534912,
    0.9759075045585632,
    1.0137606859207153,
    1.2261662483215332,
    0.5797940492630005,
    0.49991899728775024,
    1.3925377130508423,
    0.9229917526245117,
    1.6610077619552612,
    0.9974332451820374,
    0.9734355211257935,
    0.9863691329956055,
    0.788214921951294,
    0.8191762566566467,
    1.872572898864746,
    1.2150222063064575,
    0.5444554090499878,
    0.7386536598205566,
    1.372544765472412,
    0.7418017387390137,
    1.1627343893051147,
    1.3618894815444946,
    0.9357112646102905
  ],
  "policy_updated": [
    true,
    true,
    false,
    false,
    false,
    false,
    false,
    false,
    false,
    false,
    false,
    false,
    false,
    true,
    false,
    false,
    false,
    true,
    false,
    false,
    false,
    false,
    false,
    false,
    false,
    false,
    false,
    true,
    false,
    true
  ],
  "action_diversity_slice": [
    0.9540669918060303,
    0.6424428820610046,
    0.816997230052948,
    0.75104159116745,
    0.8614479899406433,
    0.5846378803253174,
    0.7332062721252441,
    0.8976125717163086,
    0.8219330310821533,
    0.5806061625480652,
    0.6424391865730286,
    0.7236630916595459,
    0.761099636554718,
    0.626564085483551,
    0.8605489730834961,
    0.6306020617485046,
    0.697516679763794,
    0.8054232597351074,
    0.8935853838920593,
    0.7442951202392578,
    0.6952528357505798,
    0.7374241352081299,
    0.5942010879516602,
    0.9894301295280457,
    0.62320476770401,
    0.6089223027229309,
    0.7455716729164124,
    0.7915231585502625,
    0.48018577694892883,
    0.46137532591819763
  ],
  "action_diversity_sleep": [
    1.5266284873258982,
    0.9733077685404855,
    1.4068057505516245,
    0.8094159528248963,
    1.0154975749908977,
    1.1210107020263822,
    1.0257279291310042,
    0.8624734734248927,
    1.177013422113646,
    1.166623438170636,
    1.2896022665739493,
    0.8209894507845842,
    0.7579745628946881,
    1.2163795987428487,
    0.986123499395903,
    1.6489942100201702,
    1.5474940709265528,
    0.7435700477669404,
    1.2251684247817722,
    1.1110360197837696,
    0.73028837426676,
    1.4511229628404347,
    0.7942248035791678,
    0.9622504486493763,
    1.369581991249918,
    1.645717611846828,
    1.0454784974792783,
    0.8940752566770661,
    1.0309973971960773,
    0.8132884563851466
  ],
  "timestamp": [
    "2025-07-04T15:10:21.248398",
    "2025-07-04T15:10:21.480712",
    "2025-07-04T15:10:21.684760",
    "2025-07-04T15:10:21.876823",
    "2025-07-04T15:10:22.079175",
    "2025-07-04T15:10:22.185256",
    "2025-07-04T15:10:22.291055",
    "2025-07-04T15:10:22.407142",
    "2025-07-04T15:10:22.514449",
    "2025-07-04T15:10:22.635214",
    "2025-07-04T15:10:22.870587",
    "2025-07-04T15:10:23.084433",
    "2025-07-04T15:10:23.203664",
    "2025-07-04T15:10:23.357556",
    "2025-07-04T15:10:23.490129",
    "2025-07-04T15:10:23.624069",
    "2025-07-04T15:10:23.754398",
    "2025-07-04T15:10:23.911895",
    "2025-07-04T15:10:24.052819",
    "2025-07-04T15:10:24.191100",
    "2025-07-04T15:10:24.329659",
    "2025-07-04T15:10:24.481523",
    "2025-07-04T15:10:24.639962",
    "2025-07-04T15:10:24.796428",
    "2025-07-04T15:10:24.959650",
    "2025-07-04T15:10:25.131166",
    "2025-07-04T15:10:25.305941",
    "2025-07-04T15:10:25.493297",
    "2025-07-04T15:10:25.810586",
    "2025-07-04T15:10:26.091686"
  ]
}