{
  "epoch": [
    0,
    0,
    0,
    0,
    0,
    0,
    0,
    0,
    0,
    0,
    0,
    0,
    0,
    0,
    0,
    0,
    1,
    1,
    1,
    1,
    1,
    1,
    1,
    1,
    1,
    1,
    1,
    1,
    1,
    1,
    1,
    1,
    2,
    2,
    2,
    2,
    2,
    2,
    2,
    2,
    2,
    2
  ],
  "step": [
    0,
    1,
    2,
    3,
    4,
    5,
    6,
    7,
    8,
    9,
    10,
    11,
    12,
    13,
    14,
    15,
    0,
    1,
    2,
    3,
    4,
    5,
    6,
    7,
    8,
    9,
    10,
    11,
    12,
    13,
    14,
    15,
    0,
    1,
    2,
    3,
    4,
    5,
    6,
    7,
    8,
    9
  ],
  "ep_ret": [
    2.1666666666666665,
    3.076,
    2.0831111111111107,
    2.1631111111111108,
    2.7484444444444445,
    2.1724444444444444,
    2.991111111111111,
    3.5817777777777775,
    2.7484444444444445,
    2.667111111111111,
    2.3297777777777777,
    2.452888888888889,
    2.7484444444444445,
    2.362222222222222,
    3.0724444444444443,
    3.4057777777777773,
    2.6955555555555555,
    2.3311111111111114,
    2.454222222222222,
    2.0288888888888885,
    3.239111111111111,
    2.786222222222222,
    2.2066666666666666,
    2.2497777777777777,
    2.324444444444444,
    3.239111111111111,
    2.505777777777778,
    2.528888888888889,
    3.465777777777778,
    2.485333333333333,
    4.309777777777778,
    2.862222222222222,
    2.938222222222222,
    2.2159999999999997,
    2.3186666666666667,
    2.659111111111111,
    3.2066666666666666,
    2.452888888888889,
    1.4093333333333333,
    2.286222222222222,
    3.4346666666666663,
    2.952888888888889
  ],
  "pi_loss": [
    3.090893030166626,
    16.2661075592041,
    9.68112564086914,
    3.939866781234741,
    4.112521171569824,
    25.67059326171875,
    17.190256118774414,
    19.427080154418945,
    12.883173942565918,
    16.67999839782715,
    13.06515121459961,
    17.88643455505371,
    24.82182502746582,
    21.947769165039062,
    27.51947593688965,
    8.851372718811035,
    1.0515413284301758,
    5.131782531738281,
    1.0879206657409668,
    2.4038915634155273,
    11.527519226074219,
    31.171411514282227,
    33.938636779785156,
    1.1239023208618164,
    4.81057071685791,
    7.778209686279297,
    21.394987106323242,
    3.4770731925964355,
    1.3419533967971802,
    0.5429708957672119,
    19.082592010498047,
    3.275350570678711,
    10.850144386291504,
    1.1121171712875366,
    0.8724098801612854,
    0.7480908036231995,
    0.8328550457954407,
    44.266357421875,
    32.71431350708008,
    19.116519927978516,
    11.790644645690918,
    4.562436103820801
  ],
  "kl_div": [
    1.294348955154419,
    158.38548278808594,
    93.3650894165039,
    36.37899398803711,
    37.62263107299805,
    253.7595977783203,
    168.07986450195312,
    190.29989624023438,
    126.85187530517578,
    164.53564453125,
    127.21342468261719,
    175.00973510742188,
    245.14060974121094,
    215.41737365722656,
    271.7587585449219,
    85.61195373535156,
    8.218539237976074,
    49.761077880859375,
    10.482576370239258,
    3.313406229019165,
    109.92969512939453,
    20.77776527404785,
    337.04107666015625,
    3.2297658920288086,
    46.97041702270508,
    73.65521240234375,
    40.56218338012695,
    29.810619354248047,
    13.157861709594727,
    5.386687278747559,
    187.50685119628906,
    29.969959259033203,
    52.97260665893555,
    8.175257682800293,
    7.27712869644165,
    4.661125183105469,
    1.8423758745193481,
    426.2018737792969,
    323.0101318359375,
    90.9609375,
    110.00130462646484,
    41.963768005371094
  ],
  "group_adv_mean": [
    2.1666667461395264,
    3.0759999752044678,
    2.083111047744751,
    2.1631109714508057,
    2.7484445571899414,
    2.1724445819854736,
    2.9911110401153564,
    3.581777811050415,
    2.7484445571899414,
    2.6671111583709717,
    2.329777956008911,
    2.4528889656066895,
    2.7484445571899414,
    2.36222243309021,
    3.0724446773529053,
    3.405777931213379,
    2.6955556869506836,
    2.331111192703247,
    2.4542219638824463,
    2.0288889408111572,
    3.2391109466552734,
    2.786222457885742,
    2.2066667079925537,
    2.2497777938842773,
    2.324444532394409,
    3.2391109466552734,
    2.5057778358459473,
    2.5288889408111572,
    3.465778112411499,
    2.4853334426879883,
    4.309777736663818,
    2.86222243309021,
    2.9382221698760986,
    2.2160000801086426,
    2.318666696548462,
    2.6591110229492188,
    3.2066667079925537,
    2.4528887271881104,
    1.409333348274231,
    2.286222219467163,
    3.434666633605957,
    2.9528887271881104
  ],
  "group_adv_std": [
    1.0671874284744263,
    1.0866830348968506,
    0.6466019153594971,
    0.36472758650779724,
    1.1787890195846558,
    1.1471643447875977,
    1.2331804037094116,
    0.6067422032356262,
    0.5416215062141418,
    1.3996362686157227,
    0.4499393403530121,
    1.053268551826477,
    1.525785207748413,
    0.8575747609138489,
    1.1685351133346558,
    1.6595741510391235,
    1.255037546157837,
    1.4074034690856934,
    1.5160467624664307,
    1.1451704502105713,
    1.3778811693191528,
    1.204207420349121,
    1.3173555135726929,
    1.1436649560928345,
    0.8995204567909241,
    1.571203589439392,
    0.767644464969635,
    0.7871707081794739,
    1.0526790618896484,
    0.9131065607070923,
    1.5513174533843994,
    1.0614144802093506,
    1.4592088460922241,
    1.0333359241485596,
    1.7099015712738037,
    0.8786028027534485,
    1.2070319652557373,
    1.7121096849441528,
    1.16294264793396,
    1.2100063562393188,
    1.363811731338501,
    1.6351137161254883
  ],
  "policy_updated": [
    true,
    false,
    false,
    false,
    false,
    false,
    false,
    false,
    false,
    false,
    false,
    false,
    false,
    false,
    false,
    false,
    false,
    false,
    false,
    true,
    false,
    false,
    false,
    true,
    false,
    false,
    false,
    false,
    false,
    false,
    false,
    false,
    false,
    false,
    false,
    true,
    true,
    false,
    false,
    false,
    false,
    false
  ],
  "action_diversity_slice": [
    0.636711835861206,
    0.5176442265510559,
    0.7406972050666809,
    0.5816311240196228,
    0.4040260314941406,
    0.9256578087806702,
    0.8699894547462463,
    0.49276360869407654,
    0.8129073977470398,
    0.6412307620048523,
    0.6892945766448975,
    0.6551256775856018,
    0.9652244448661804,
    0.6562438607215881,
    0.5949540734291077,
    0.6418589353561401,
    0.8450246453285217,
    0.7264564037322998,
    0.6781389117240906,
    0.7103073000907898,
    0.8842299580574036,
    0.8673892021179199,
    0.3970838487148285,
    0.7507808804512024,
    0.5826542973518372,
    0.6736400723457336,
    0.46175503730773926,
    0.48965898156166077,
    0.8710486888885498,
    0.6671269536018372,
    0.7939328551292419,
    0.6862298846244812,
    0.7250468134880066,
    0.6160133481025696,
    0.6353140473365784,
    0.6897682547569275,
    0.8220944404602051,
    0.508202075958252,
    0.8692581653594971,
    0.9344175457954407,
    0.5503334999084473,
    0.6695782542228699
  ],